pair_id,wiki_a,title_a,url_a,wiki_b,title_b,url_b,same_subject,note
p001,enwiki,María Conde,https://en.wikipedia.org/wiki/Mar%C3%ADa_Conde,eswiki,María Conde,https://es.wikipedia.org/wiki/Mar%C3%ADa_Conde,,
p002,plwiki,Alexander Albon,https://pl.wikipedia.org/wiki/Alexander_Albon,ptwiki,Alexander Albon,https://pt.wikipedia.org/wiki/Alexander_Albon,,
p003,enwiki,Southeast Alaska,https://en.wikipedia.org/wiki/Southeast_Alaska,itwiki,Alaska sud-orientale,https://it.wikipedia.org/wiki/Alaska_sud-orientale,,
p004,jawiki,アンドレア・キミ・アントネッリ,https://ja.wikipedia.org/wiki/%E3%82%A2%E3%83%B3%E3%83%89%E3%83%AC%E3%82%A2%E3%83%BB%E3%82%AD%E3%83%9F%E3%83%BB%E3%82%A2%E3%83%B3%E3%83%88%E3%83%8D%E3%83%83%E3%83%AA,nlwiki,Kimi Antonelli,https://nl.wikipedia.org/wiki/Kimi_Antonelli,,
p005,itwiki,André Gill,https://it.wikipedia.org/wiki/Andr%C3%A9_Gill,ruwiki,Андре Жилль,https://ru.wikipedia.org/wiki/%D0%90%D0%BD%D0%B4%D1%80%D0%B5_%D0%96%D0%B8%D0%BB%D0%BB%D1%8C,,
p006,enwiki,Ethan Vernon,https://en.wikipedia.org/wiki/Ethan_Vernon,frwiki,Ethan Vernon,https://fr.wikipedia.org/wiki/Ethan_Vernon,,
p007,enwiki,Kingdom Hearts II,https://en.wikipedia.org/wiki/Kingdom_Hearts_II,itwiki,Kingdom Hearts II,https://it.wikipedia.org/wiki/Kingdom_Hearts_II,,
p008,jawiki,オデュッセイア (映画),https://ja.wikipedia.org/wiki/%E3%82%AA%E3%83%87%E3%83%A5%E3%83%83%E3%82%BB%E3%82%A4%E3%82%A2_%28%E6%98%A0%E7%94%BB%29,nlwiki,The Odyssey (2026),https://nl.wikipedia.org/wiki/The_Odyssey_%282026%29,,
p009,plwiki,Konkurs Piosenki Eurowizji 2027,https://pl.wikipedia.org/wiki/Konkurs_Piosenki_Eurowizji_2027,ruwiki,Евровидение-2027,https://ru.wikipedia.org/wiki/%D0%95%D0%B2%D1%80%D0%BE%D0%B2%D0%B8%D0%B4%D0%B5%D0%BD%D0%B8%D0%B5-2027,,
p010,enwiki,Jon Kent (DC Comics),https://en.wikipedia.org/wiki/Jon_Kent_%28DC_Comics%29,eswiki,Jonathan Samuel Kent (personaje),https://es.wikipedia.org/wiki/Jonathan_Samuel_Kent_%28personaje%29,,
p011,enwiki,Ismael Saibari,https://en.wikipedia.org/wiki/Ismael_Saibari,nlwiki,Ismael Saibari,https://nl.wikipedia.org/wiki/Ismael_Saibari,,
p012,eswiki,Santiago Buitrago,https://es.wikipedia.org/wiki/Santiago_Buitrago,frwiki,Santiago Buitrago,https://fr.wikipedia.org/wiki/Santiago_Buitrago,,
p013,frwiki,Vaugneray,https://fr.wikipedia.org/wiki/Vaugneray,trwiki,Vaugneray,https://tr.wikipedia.org/wiki/Vaugneray,,
p014,dewiki,Formel-1-Weltmeisterschaft 2026,https://de.wikipedia.org/wiki/Formel-1-Weltmeisterschaft_2026,plwiki,Formuła 1 Sezon 2026,https://pl.wikipedia.org/wiki/Formu%C5%82a_1_Sezon_2026,,
p015,dewiki,John Ternus,https://de.wikipedia.org/wiki/John_Ternus,enwiki,John Ternus,https://en.wikipedia.org/wiki/John_Ternus,,
p016,enwiki,Santiago Buitrago,https://en.wikipedia.org/wiki/Santiago_Buitrago,frwiki,Santiago Buitrago,https://fr.wikipedia.org/wiki/Santiago_Buitrago,,
p017,eswiki,Primož Roglič,https://es.wikipedia.org/wiki/Primo%C5%BE_Rogli%C4%8D,frwiki,Primož Roglič,https://fr.wikipedia.org/wiki/Primo%C5%BE_Rogli%C4%8D,,
p018,dewiki,Michael Olise,https://de.wikipedia.org/wiki/Michael_Olise,frwiki,Michael Olise,https://fr.wikipedia.org/wiki/Michael_Olise,,
p019,eswiki,Campeonato Definitivo de Atletismo de 2026,https://es.wikipedia.org/wiki/Campeonato_Definitivo_de_Atletismo_de_2026,itwiki,Campionati del mondo Ultimate di atletica leggera 2026,https://it.wikipedia.org/wiki/Campionati_del_mondo_Ultimate_di_atletica_leggera_2026,,
p020,itwiki,Campionato mondiale di Formula 1 2026,https://it.wikipedia.org/wiki/Campionato_mondiale_di_Formula_1_2026,jawiki,2026年のF1世界選手権,https://ja.wikipedia.org/wiki/2026%E5%B9%B4%E3%81%AEF1%E4%B8%96%E7%95%8C%E9%81%B8%E6%89%8B%E6%A8%A9,,
p021,itwiki,McLaren MCL40,https://it.wikipedia.org/wiki/McLaren_MCL40,plwiki,McLaren MCL40,https://pl.wikipedia.org/wiki/McLaren_MCL40,,
p022,itwiki,2018,https://it.wikipedia.org/wiki/2018,svwiki,2018,https://sv.wikipedia.org/wiki/2018,,
p023,itwiki,Mercedes-AMG F1 W17 E Performance,https://it.wikipedia.org/wiki/Mercedes-AMG_F1_W17_E_Performance,plwiki,Mercedes-AMG F1 W17 E Performance,https://pl.wikipedia.org/wiki/Mercedes-AMG_F1_W17_E_Performance,,
p024,enwiki,"Four Hands, Two Sonatas",https://en.wikipedia.org/wiki/Four_Hands%2C_Two_Sonatas,eswiki,"Cuatro manos, dos sonatas",https://es.wikipedia.org/wiki/Cuatro_manos%2C_dos_sonatas,,
p025,enwiki,Rumesh Pathirage,https://en.wikipedia.org/wiki/Rumesh_Pathirage,eswiki,Rumesh Pathirage,https://es.wikipedia.org/wiki/Rumesh_Pathirage,,
p026,enwiki,2026–27 FC Bayern Munich season,https://en.wikipedia.org/wiki/2026%E2%80%9327_FC_Bayern_Munich_season,itwiki,Fußball-Club Bayern München 2026-2027,https://it.wikipedia.org/wiki/Fu%C3%9Fball-Club_Bayern_M%C3%BCnchen_2026-2027,,
p027,dewiki,Formel-1-Weltmeisterschaft 2026,https://de.wikipedia.org/wiki/Formel-1-Weltmeisterschaft_2026,eswiki,Temporada 2026 de Fórmula 1,https://es.wikipedia.org/wiki/Temporada_2026_de_F%C3%B3rmula_1,,
p028,itwiki,Campionato mondiale di Formula 1 2026,https://it.wikipedia.org/wiki/Campionato_mondiale_di_Formula_1_2026,plwiki,Formuła 1 Sezon 2026,https://pl.wikipedia.org/wiki/Formu%C5%82a_1_Sezon_2026,,
p029,enwiki,Tim Marsman,https://en.wikipedia.org/wiki/Tim_Marsman,frwiki,Tim Marsman,https://fr.wikipedia.org/wiki/Tim_Marsman,,
p030,frwiki,Simple dames de l'US Open de tennis 2026,https://fr.wikipedia.org/wiki/Simple_dames_de_l%27US_Open_de_tennis_2026,ruwiki,Открытый чемпионат США по теннису 2026 в женском одиночном разряде,https://ru.wikipedia.org/wiki/%D0%9E%D1%82%D0%BA%D1%80%D1%8B%D1%82%D1%8B%D0%B9_%D1%87%D0%B5%D0%BC%D0%BF%D0%B8%D0%BE%D0%BD%D0%B0%D1%82_%D0%A1%D0%A8%D0%90_%D0%BF%D0%BE_%D1%82%D0%B5%D0%BD%D0%BD%D0%B8%D1%81%D1%83_2026_%D0%B2_%D0%B6%D0%B5%D0%BD%D1%81%D0%BA%D0%BE%D0%BC_%D0%BE%D0%B4%D0%B8%D0%BD%D0%BE%D1%87%D0%BD%D0%BE%D0%BC_%D1%80%D0%B0%D0%B7%D1%80%D1%8F%D0%B4%D0%B5,,
p031,enwiki,Colombia women's national under-20 football team,https://en.wikipedia.org/wiki/Colombia_women%27s_national_under-20_football_team,eswiki,Selección femenina de fútbol sub-20 de Colombia,https://es.wikipedia.org/wiki/Selecci%C3%B3n_femenina_de_f%C3%BAtbol_sub-20_de_Colombia,,
p032,dewiki,Santiago Buitrago,https://de.wikipedia.org/wiki/Santiago_Buitrago,nlwiki,Santiago Buitrago,https://nl.wikipedia.org/wiki/Santiago_Buitrago,,
p033,frwiki,Grand Prix automobile d'Espagne 2026,https://fr.wikipedia.org/wiki/Grand_Prix_automobile_d%27Espagne_2026,ruwiki,Гран-при Испании 2026 года,https://ru.wikipedia.org/wiki/%D0%93%D1%80%D0%B0%D0%BD-%D0%BF%D1%80%D0%B8_%D0%98%D1%81%D0%BF%D0%B0%D0%BD%D0%B8%D0%B8_2026_%D0%B3%D0%BE%D0%B4%D0%B0,,
p034,eswiki,UCI Europe Tour 2026,https://es.wikipedia.org/wiki/UCI_Europe_Tour_2026,frwiki,UCI Europe Tour 2026,https://fr.wikipedia.org/wiki/UCI_Europe_Tour_2026,,
p035,frwiki,Championnat d'Espagne de football de deuxième division 2026-2027,https://fr.wikipedia.org/wiki/Championnat_d%27Espagne_de_football_de_deuxi%C3%A8me_division_2026-2027,ptwiki,Segunda Divisão Espanhola de 2026–27,https://pt.wikipedia.org/wiki/Segunda_Divis%C3%A3o_Espanhola_de_2026%E2%80%9327,,
p036,enwiki,Spider-Man: Brand New Day,https://en.wikipedia.org/wiki/Spider-Man%3A_Brand_New_Day,ruwiki,Spider-Man: Brand New Day,https://ru.wikipedia.org/wiki/Spider-Man%3A_Brand_New_Day,,
p037,jawiki,エステバン・オコン,https://ja.wikipedia.org/wiki/%E3%82%A8%E3%82%B9%E3%83%86%E3%83%90%E3%83%B3%E3%83%BB%E3%82%AA%E3%82%B3%E3%83%B3,ptwiki,Esteban Ocon,https://pt.wikipedia.org/wiki/Esteban_Ocon,,
p038,kowiki,라리가 2026-27,https://ko.wikipedia.org/wiki/%EB%9D%BC%EB%A6%AC%EA%B0%80_2026-27,ptwiki,La Liga de 2026–27,https://pt.wikipedia.org/wiki/La_Liga_de_2026%E2%80%9327,,
p039,jawiki,塩化コリン,https://ja.wikipedia.org/wiki/%E5%A1%A9%E5%8C%96%E3%82%B3%E3%83%AA%E3%83%B3,zhwiki,氯化胆碱,https://zh.wikipedia.org/wiki/%E6%B0%AF%E5%8C%96%E8%83%86%E7%A2%B1,,
p040,eswiki,Leyanis Pérez Hernández,https://es.wikipedia.org/wiki/Leyanis_P%C3%A9rez_Hern%C3%A1ndez,itwiki,Leyanis Pérez Hernández,https://it.wikipedia.org/wiki/Leyanis_P%C3%A9rez_Hern%C3%A1ndez,,
p041,ruwiki,Паспорт САР Гонконг,https://ru.wikipedia.org/wiki/%D0%9F%D0%B0%D1%81%D0%BF%D0%BE%D1%80%D1%82_%D0%A1%D0%90%D0%A0_%D0%93%D0%BE%D0%BD%D0%BA%D0%BE%D0%BD%D0%B3,zhwiki,中華人民共和國香港特別行政區護照,https://zh.wikipedia.org/wiki/%E4%B8%AD%E8%8F%AF%E4%BA%BA%E6%B0%91%E5%85%B1%E5%92%8C%E5%9C%8B%E9%A6%99%E6%B8%AF%E7%89%B9%E5%88%A5%E8%A1%8C%E6%94%BF%E5%8D%80%E8%AD%B7%E7%85%A7,,
p042,eswiki,Kenneth Bednarek,https://es.wikipedia.org/wiki/Kenneth_Bednarek,itwiki,Kenneth Bednarek,https://it.wikipedia.org/wiki/Kenneth_Bednarek,,
p043,enwiki,Brandon Moreno,https://en.wikipedia.org/wiki/Brandon_Moreno,frwiki,Brandon Moreno,https://fr.wikipedia.org/wiki/Brandon_Moreno,,
p044,eswiki,1. Bundesliga 2026-27,https://es.wikipedia.org/wiki/1._Bundesliga_2026-27,frwiki,Championnat d'Allemagne de football 2026-2027,https://fr.wikipedia.org/wiki/Championnat_d%27Allemagne_de_football_2026-2027,,
p045,eswiki,Copa Mundial de Baloncesto Femenino de 2026,https://es.wikipedia.org/wiki/Copa_Mundial_de_Baloncesto_Femenino_de_2026,ruwiki,Чемпионат мира по баскетболу среди женщин 2026,https://ru.wikipedia.org/wiki/%D0%A7%D0%B5%D0%BC%D0%BF%D0%B8%D0%BE%D0%BD%D0%B0%D1%82_%D0%BC%D0%B8%D1%80%D0%B0_%D0%BF%D0%BE_%D0%B1%D0%B0%D1%81%D0%BA%D0%B5%D1%82%D0%B1%D0%BE%D0%BB%D1%83_%D1%81%D1%80%D0%B5%D0%B4%D0%B8_%D0%B6%D0%B5%D0%BD%D1%89%D0%B8%D0%BD_2026,,
p046,enwiki,2026–27 Russian Premier League,https://en.wikipedia.org/wiki/2026%E2%80%9327_Russian_Premier_League,ruwiki,Чемпионат России по футболу 2026/2027,https://ru.wikipedia.org/wiki/%D0%A7%D0%B5%D0%BC%D0%BF%D0%B8%D0%BE%D0%BD%D0%B0%D1%82_%D0%A0%D0%BE%D1%81%D1%81%D0%B8%D0%B8_%D0%BF%D0%BE_%D1%84%D1%83%D1%82%D0%B1%D0%BE%D0%BB%D1%83_2026/2027,,
p047,enwiki,2026–27 Moldovan Liga,https://en.wikipedia.org/wiki/2026%E2%80%9327_Moldovan_Liga,itwiki,Super Liga 2026-2027 (Moldavia),https://it.wikipedia.org/wiki/Super_Liga_2026-2027_%28Moldavia%29,,
p048,enwiki,Yuki Tsunoda,https://en.wikipedia.org/wiki/Yuki_Tsunoda,eswiki,Yuki Tsunoda,https://es.wikipedia.org/wiki/Yuki_Tsunoda,,
p049,dewiki,Lando Norris,https://de.wikipedia.org/wiki/Lando_Norris,nlwiki,Lando Norris,https://nl.wikipedia.org/wiki/Lando_Norris,,
p050,enwiki,2026–27 Feyenoord season,https://en.wikipedia.org/wiki/2026%E2%80%9327_Feyenoord_season,itwiki,Feyenoord Rotterdam 2026-2027,https://it.wikipedia.org/wiki/Feyenoord_Rotterdam_2026-2027,,
p051,enwiki,Dario Amodei,https://en.wikipedia.org/wiki/Dario_Amodei,frwiki,Dario Amodei,https://fr.wikipedia.org/wiki/Dario_Amodei,,
p052,jawiki,2026年沖縄県知事選挙,https://ja.wikipedia.org/wiki/2026%E5%B9%B4%E6%B2%96%E7%B8%84%E7%9C%8C%E7%9F%A5%E4%BA%8B%E9%81%B8%E6%8C%99,zhwiki,2026年沖繩縣知事選舉,https://zh.wikipedia.org/wiki/2026%E5%B9%B4%E6%B2%96%E7%B9%A9%E7%B8%A3%E7%9F%A5%E4%BA%8B%E9%81%B8%E8%88%89,,
p053,eswiki,Vuelta a España,https://es.wikipedia.org/wiki/Vuelta_a_Espa%C3%B1a,frwiki,Tour d'Espagne,https://fr.wikipedia.org/wiki/Tour_d%27Espagne,,
p054,eswiki,2. Bundesliga 2026-27,https://es.wikipedia.org/wiki/2._Bundesliga_2026-27,itwiki,2. Fußball-Bundesliga 2026-2027,https://it.wikipedia.org/wiki/2._Fu%C3%9Fball-Bundesliga_2026-2027,,
p055,fawiki,کولین,https://fa.wikipedia.org/wiki/%DA%A9%D9%88%D9%84%DB%8C%D9%86,itwiki,Colina,https://it.wikipedia.org/wiki/Colina,,
p056,dewiki,Flagge Russlands,https://de.wikipedia.org/wiki/Flagge_Russlands,itwiki,Bandiera della Russia,https://it.wikipedia.org/wiki/Bandiera_della_Russia,,
p057,dewiki,Willi Orbán,https://de.wikipedia.org/wiki/Willi_Orb%C3%A1n,frwiki,Willi Orbán,https://fr.wikipedia.org/wiki/Willi_Orb%C3%A1n,,
p058,eswiki,Akane-banashi,https://es.wikipedia.org/wiki/Akane-banashi,frwiki,Akane-banashi,https://fr.wikipedia.org/wiki/Akane-banashi,,
p059,ruwiki,"Одиссея (фильм, 2026)",https://ru.wikipedia.org/wiki/%D0%9E%D0%B4%D0%B8%D1%81%D1%81%D0%B5%D1%8F_%28%D1%84%D0%B8%D0%BB%D1%8C%D0%BC%2C_2026%29,zhwiki,奧德賽 (電影),https://zh.wikipedia.org/wiki/%E5%A5%A7%E5%BE%B7%E8%B3%BD_%28%E9%9B%BB%E5%BD%B1%29,,
p060,plwiki,Diablo V,https://pl.wikipedia.org/wiki/Diablo_V,ruwiki,Diablo V,https://ru.wikipedia.org/wiki/Diablo_V,,
p061,frwiki,Wout van Aert,https://fr.wikipedia.org/wiki/Wout_van_Aert,itwiki,Wout van Aert,https://it.wikipedia.org/wiki/Wout_van_Aert,,
p062,frwiki,Arthur Theate,https://fr.wikipedia.org/wiki/Arthur_Theate,itwiki,Arthur Theate,https://it.wikipedia.org/wiki/Arthur_Theate,,
p063,eswiki,Jacory Patterson,https://es.wikipedia.org/wiki/Jacory_Patterson,itwiki,Jacory Patterson,https://it.wikipedia.org/wiki/Jacory_Patterson,,
p064,nlwiki,Oscar Piastri,https://nl.wikipedia.org/wiki/Oscar_Piastri,plwiki,Oscar Piastri,https://pl.wikipedia.org/wiki/Oscar_Piastri,,
p065,eswiki,Xavi Espart,https://es.wikipedia.org/wiki/Xavi_Espart,itwiki,Xavi Espart,https://it.wikipedia.org/wiki/Xavi_Espart,,
p066,itwiki,Williams FW48,https://it.wikipedia.org/wiki/Williams_FW48,plwiki,Williams FW48,https://pl.wikipedia.org/wiki/Williams_FW48,,
p067,enwiki,Harry Kane,https://en.wikipedia.org/wiki/Harry_Kane,ruwiki,"Кейн, Гарри",https://ru.wikipedia.org/wiki/%D0%9A%D0%B5%D0%B9%D0%BD%2C_%D0%93%D0%B0%D1%80%D1%80%D0%B8,,
p068,frwiki,"L'Odyssée (film, 2026)",https://fr.wikipedia.org/wiki/L%27Odyss%C3%A9e_%28film%2C_2026%29,nlwiki,The Odyssey (2026),https://nl.wikipedia.org/wiki/The_Odyssey_%282026%29,,
p069,frwiki,Kimi Antonelli,https://fr.wikipedia.org/wiki/Kimi_Antonelli,nlwiki,Kimi Antonelli,https://nl.wikipedia.org/wiki/Kimi_Antonelli,,
p070,enwiki,2026–27 RC Celta de Vigo season,https://en.wikipedia.org/wiki/2026%E2%80%9327_RC_Celta_de_Vigo_season,itwiki,Real Club Celta de Vigo 2026-2027,https://it.wikipedia.org/wiki/Real_Club_Celta_de_Vigo_2026-2027,,
p071,frwiki,Animal Well,https://fr.wikipedia.org/wiki/Animal_Well,trwiki,Animal Well,https://tr.wikipedia.org/wiki/Animal_Well,,
p072,dewiki,Manchester Derby,https://de.wikipedia.org/wiki/Manchester_Derby,eswiki,Derbi de Mánchester,https://es.wikipedia.org/wiki/Derbi_de_M%C3%A1nchester,,
p073,dewiki,Enric Mas,https://de.wikipedia.org/wiki/Enric_Mas,enwiki,Enric Mas,https://en.wikipedia.org/wiki/Enric_Mas,,
p074,dewiki,Titouan Droguet,https://de.wikipedia.org/wiki/Titouan_Droguet,enwiki,Titouan Droguet,https://en.wikipedia.org/wiki/Titouan_Droguet,,
p075,idwiki,Muhammad Mursi,https://id.wikipedia.org/wiki/Muhammad_Mursi,kowiki,무함마드 무르시,https://ko.wikipedia.org/wiki/%EB%AC%B4%ED%95%A8%EB%A7%88%EB%93%9C_%EB%AC%B4%EB%A5%B4%EC%8B%9C,,
p076,dewiki,Airtable,https://de.wikipedia.org/wiki/Airtable,enwiki,Airtable,https://en.wikipedia.org/wiki/Airtable,,
p077,frwiki,Tour d'Espagne 2026,https://fr.wikipedia.org/wiki/Tour_d%27Espagne_2026,itwiki,Vuelta a España 2026,https://it.wikipedia.org/wiki/Vuelta_a_Espa%C3%B1a_2026,,
p078,frwiki,Marcelo Brozović,https://fr.wikipedia.org/wiki/Marcelo_Brozovi%C4%87,itwiki,Marcelo Brozović,https://it.wikipedia.org/wiki/Marcelo_Brozovi%C4%87,,
p079,enwiki,Ricardo Pepi,https://en.wikipedia.org/wiki/Ricardo_Pepi,frwiki,Ricardo Pepi,https://fr.wikipedia.org/wiki/Ricardo_Pepi,,
p080,enwiki,Pavel Bittner,https://en.wikipedia.org/wiki/Pavel_Bittner,frwiki,Pavel Bittner,https://fr.wikipedia.org/wiki/Pavel_Bittner,,
p081,jawiki,2026年スペイングランプリ,https://ja.wikipedia.org/wiki/2026%E5%B9%B4%E3%82%B9%E3%83%9A%E3%82%A4%E3%83%B3%E3%82%B0%E3%83%A9%E3%83%B3%E3%83%97%E3%83%AA,ruwiki,Гран-при Испании 2026 года,https://ru.wikipedia.org/wiki/%D0%93%D1%80%D0%B0%D0%BD-%D0%BF%D1%80%D0%B8_%D0%98%D1%81%D0%BF%D0%B0%D0%BD%D0%B8%D0%B8_2026_%D0%B3%D0%BE%D0%B4%D0%B0,,
p082,dewiki,Jonas Urbig,https://de.wikipedia.org/wiki/Jonas_Urbig,enwiki,Jonas Urbig,https://en.wikipedia.org/wiki/Jonas_Urbig,,
p083,dewiki,Nico Hülkenberg,https://de.wikipedia.org/wiki/Nico_H%C3%BClkenberg,nlwiki,Nico Hülkenberg,https://nl.wikipedia.org/wiki/Nico_H%C3%BClkenberg,,
p084,frwiki,Championnat d'Europe masculin de volley-ball 2026,https://fr.wikipedia.org/wiki/Championnat_d%27Europe_masculin_de_volley-ball_2026,plwiki,Mistrzostwa Europy w Piłce Siatkowej Mężczyzn 2026,https://pl.wikipedia.org/wiki/Mistrzostwa_Europy_w_Pi%C5%82ce_Siatkowej_M%C4%99%C5%BCczyzn_2026,,
p085,enwiki,Lupita Nyong'o,https://en.wikipedia.org/wiki/Lupita_Nyong%27o,jawiki,ルピタ・ニョンゴ,https://ja.wikipedia.org/wiki/%E3%83%AB%E3%83%94%E3%82%BF%E3%83%BB%E3%83%8B%E3%83%A7%E3%83%B3%E3%82%B4,,
p086,eswiki,Elecciones generales de Suecia de 2026,https://es.wikipedia.org/wiki/Elecciones_generales_de_Suecia_de_2026,itwiki,Elezioni legislative in Svezia del 2026,https://it.wikipedia.org/wiki/Elezioni_legislative_in_Svezia_del_2026,,
p087,eswiki,Temporada 2026 del Campeonato de Fórmula 2 de la FIA,https://es.wikipedia.org/wiki/Temporada_2026_del_Campeonato_de_F%C3%B3rmula_2_de_la_FIA,nlwiki,Formule 2 in 2026,https://nl.wikipedia.org/wiki/Formule_2_in_2026,,
p088,eswiki,Andrzej Maria Deskur,https://es.wikipedia.org/wiki/Andrzej_Maria_Deskur,plwiki,Andrzej Maria Deskur,https://pl.wikipedia.org/wiki/Andrzej_Maria_Deskur,,
p089,itwiki,Colina,https://it.wikipedia.org/wiki/Colina,ptwiki,Colina (vitamina),https://pt.wikipedia.org/wiki/Colina_%28vitamina%29,,
p090,enwiki,Madring,https://en.wikipedia.org/wiki/Madring,jawiki,マドリンク,https://ja.wikipedia.org/wiki/%E3%83%9E%E3%83%89%E3%83%AA%E3%83%B3%E3%82%AF,,
p091,enwiki,Colégio Santa Maria (São Paulo),https://en.wikipedia.org/wiki/Col%C3%A9gio_Santa_Maria_%28S%C3%A3o_Paulo%29,ptwiki,Colégio Santa Maria (São Paulo),https://pt.wikipedia.org/wiki/Col%C3%A9gio_Santa_Maria_%28S%C3%A3o_Paulo%29,,
p092,jawiki,香港特別行政区旅券,https://ja.wikipedia.org/wiki/%E9%A6%99%E6%B8%AF%E7%89%B9%E5%88%A5%E8%A1%8C%E6%94%BF%E5%8C%BA%E6%97%85%E5%88%B8,ptwiki,Passaporte da Região Administrativa Especial de Hong Kong,https://pt.wikipedia.org/wiki/Passaporte_da_Regi%C3%A3o_Administrativa_Especial_de_Hong_Kong,,
p093,ptwiki,Campeonato Mundial de Fórmula 1 de 2026,https://pt.wikipedia.org/wiki/Campeonato_Mundial_de_F%C3%B3rmula_1_de_2026,ruwiki,Формула-1 в сезоне 2026,https://ru.wikipedia.org/wiki/%D0%A4%D0%BE%D1%80%D0%BC%D1%83%D0%BB%D0%B0-1_%D0%B2_%D1%81%D0%B5%D0%B7%D0%BE%D0%BD%D0%B5_2026,,
p094,frwiki,Arvid de Kleijn,https://fr.wikipedia.org/wiki/Arvid_de_Kleijn,itwiki,Arvid de Kleijn,https://it.wikipedia.org/wiki/Arvid_de_Kleijn,,
p095,dewiki,Circuito de Madring,https://de.wikipedia.org/wiki/Circuito_de_Madring,enwiki,Madring,https://en.wikipedia.org/wiki/Madring,,
p096,eswiki,Tobias Halland Johannessen,https://es.wikipedia.org/wiki/Tobias_Halland_Johannessen,frwiki,Tobias Johannessen,https://fr.wikipedia.org/wiki/Tobias_Johannessen,,
p097,eswiki,Felix Gall,https://es.wikipedia.org/wiki/Felix_Gall,nlwiki,Felix Gall,https://nl.wikipedia.org/wiki/Felix_Gall,,
p098,enwiki,Woman Unknown (film),https://en.wikipedia.org/wiki/Woman_Unknown_%28film%29,frwiki,Kvinde ukendt,https://fr.wikipedia.org/wiki/Kvinde_ukendt,,
p099,eswiki,Racing Bulls VCARB 03,https://es.wikipedia.org/wiki/Racing_Bulls_VCARB_03,frwiki,Racing Bulls VCARB 03,https://fr.wikipedia.org/wiki/Racing_Bulls_VCARB_03,,
p100,enwiki,Betty Ong,https://en.wikipedia.org/wiki/Betty_Ong,eswiki,Betty Ong,https://es.wikipedia.org/wiki/Betty_Ong,,
p101,enwiki,Rumesh Pathirage,https://en.wikipedia.org/wiki/Rumesh_Pathirage,itwiki,Rumesh Tharanga,https://it.wikipedia.org/wiki/Rumesh_Tharanga,,
p102,nlwiki,Fernando Alonso,https://nl.wikipedia.org/wiki/Fernando_Alonso,plwiki,Fernando Alonso,https://pl.wikipedia.org/wiki/Fernando_Alonso,,
p103,frwiki,Buroz,https://fr.wikipedia.org/wiki/Buroz,nlwiki,Buroz,https://nl.wikipedia.org/wiki/Buroz,,
p104,frwiki,Primož Roglič,https://fr.wikipedia.org/wiki/Primo%C5%BE_Rogli%C4%8D,nlwiki,Primož Roglič,https://nl.wikipedia.org/wiki/Primo%C5%BE_Rogli%C4%8D,,
p105,eswiki,Matteo Politano,https://es.wikipedia.org/wiki/Matteo_Politano,itwiki,Matteo Politano,https://it.wikipedia.org/wiki/Matteo_Politano,,
p106,eswiki,Clément Berthet,https://es.wikipedia.org/wiki/Cl%C3%A9ment_Berthet,frwiki,Clément Berthet,https://fr.wikipedia.org/wiki/Cl%C3%A9ment_Berthet,,
p107,enwiki,Spanish Grand Prix,https://en.wikipedia.org/wiki/Spanish_Grand_Prix,trwiki,İspanya Grand Prix,https://tr.wikipedia.org/wiki/%C4%B0spanya_Grand_Prix,,
p108,plwiki,Lance Stroll,https://pl.wikipedia.org/wiki/Lance_Stroll,ptwiki,Lance Stroll,https://pt.wikipedia.org/wiki/Lance_Stroll,,
p109,eswiki,Richard Carapaz,https://es.wikipedia.org/wiki/Richard_Carapaz,frwiki,Richard Carapaz,https://fr.wikipedia.org/wiki/Richard_Carapaz,,
p110,dewiki,Fußball-Bundesliga 2026/27,https://de.wikipedia.org/wiki/Fu%C3%9Fball-Bundesliga_2026/27,frwiki,Championnat d'Allemagne de football 2026-2027,https://fr.wikipedia.org/wiki/Championnat_d%27Allemagne_de_football_2026-2027,,
p111,itwiki,Ferrari SF-26,https://it.wikipedia.org/wiki/Ferrari_SF-26,plwiki,Ferrari SF-26,https://pl.wikipedia.org/wiki/Ferrari_SF-26,,
p112,enwiki,Brahmin,https://en.wikipedia.org/wiki/Brahmin,plwiki,Brahmin,https://pl.wikipedia.org/wiki/Brahmin,,
p113,enwiki,Kevin Kelsy,https://en.wikipedia.org/wiki/Kevin_Kelsy,itwiki,Kevin Kelsy,https://it.wikipedia.org/wiki/Kevin_Kelsy,,
p114,enwiki,Spanish Grand Prix,https://en.wikipedia.org/wiki/Spanish_Grand_Prix,itwiki,Gran Premio di Spagna,https://it.wikipedia.org/wiki/Gran_Premio_di_Spagna,,
p115,ruwiki,Формула-1 в сезоне 2026,https://ru.wikipedia.org/wiki/%D0%A4%D0%BE%D1%80%D0%BC%D1%83%D0%BB%D0%B0-1_%D0%B2_%D1%81%D0%B5%D0%B7%D0%BE%D0%BD%D0%B5_2026,zhwiki,2026年世界一级方程式锦标赛,https://zh.wikipedia.org/wiki/2026%E5%B9%B4%E4%B8%96%E7%95%8C%E4%B8%80%E7%BA%A7%E6%96%B9%E7%A8%8B%E5%BC%8F%E9%94%A6%E6%A0%87%E8%B5%9B,,
p116,enwiki,Máximo Quiles,https://en.wikipedia.org/wiki/M%C3%A1ximo_Quiles,eswiki,Máximo Quiles,https://es.wikipedia.org/wiki/M%C3%A1ximo_Quiles,,
p117,dewiki,"Virginia (Schiff, 1976)",https://de.wikipedia.org/wiki/Virginia_%28Schiff%2C_1976%29,enwiki,USS Virginia (CGN-38),https://en.wikipedia.org/wiki/USS_Virginia_%28CGN-38%29,,
p118,nlwiki,Liam Lawson,https://nl.wikipedia.org/wiki/Liam_Lawson,ruwiki,"Лоусон, Лиам",https://ru.wikipedia.org/wiki/%D0%9B%D0%BE%D1%83%D1%81%D0%BE%D0%BD%2C_%D0%9B%D0%B8%D0%B0%D0%BC,,
p119,enwiki,Środa Śląska,https://en.wikipedia.org/wiki/%C5%9Aroda_%C5%9Al%C4%85ska,zhwiki,希隆斯克地區希羅達,https://zh.wikipedia.org/wiki/%E5%B8%8C%E9%9A%86%E6%96%AF%E5%85%8B%E5%9C%B0%E5%8D%80%E5%B8%8C%E7%BE%85%E9%81%94,,
p120,frwiki,Age of Empires,https://fr.wikipedia.org/wiki/Age_of_Empires,plwiki,Age of Empires,https://pl.wikipedia.org/wiki/Age_of_Empires,,
p121,enwiki,Cristián Rodríguez (cyclist),https://en.wikipedia.org/wiki/Cristi%C3%A1n_Rodr%C3%ADguez_%28cyclist%29,eswiki,Cristián Rodríguez,https://es.wikipedia.org/wiki/Cristi%C3%A1n_Rodr%C3%ADguez,,
p122,idwiki,Liga Utama Inggris 2026–2027,https://id.wikipedia.org/wiki/Liga_Utama_Inggris_2026%E2%80%932027,zhwiki,2026年至2027年英格蘭足球超級聯賽,https://zh.wikipedia.org/wiki/2026%E5%B9%B4%E8%87%B32027%E5%B9%B4%E8%8B%B1%E6%A0%BC%E8%98%AD%E8%B6%B3%E7%90%83%E8%B6%85%E7%B4%9A%E8%81%AF%E8%B3%BD,,
p123,enwiki,Richard Carapaz,https://en.wikipedia.org/wiki/Richard_Carapaz,nlwiki,Richard Carapaz,https://nl.wikipedia.org/wiki/Richard_Carapaz,,
p124,itwiki,Enric Mas,https://it.wikipedia.org/wiki/Enric_Mas,ruwiki,"Мас, Энрик",https://ru.wikipedia.org/wiki/%D0%9C%D0%B0%D1%81%2C_%D0%AD%D0%BD%D1%80%D0%B8%D0%BA,,
p125,enwiki,Ali H. Sayed,https://en.wikipedia.org/wiki/Ali_H._Sayed,ptwiki,Ali H. Sayed,https://pt.wikipedia.org/wiki/Ali_H._Sayed,,
p126,frwiki,Richard Carapaz,https://fr.wikipedia.org/wiki/Richard_Carapaz,itwiki,Richard Carapaz,https://it.wikipedia.org/wiki/Richard_Carapaz,,
p127,enwiki,Mariona Ortiz,https://en.wikipedia.org/wiki/Mariona_Ortiz,eswiki,Mariona Ortiz,https://es.wikipedia.org/wiki/Mariona_Ortiz,,
p128,enwiki,Amir Rrahmani,https://en.wikipedia.org/wiki/Amir_Rrahmani,itwiki,Amir Rrahmani,https://it.wikipedia.org/wiki/Amir_Rrahmani,,
p129,frwiki,Max Verstappen,https://fr.wikipedia.org/wiki/Max_Verstappen,nlwiki,Max Verstappen,https://nl.wikipedia.org/wiki/Max_Verstappen,,
p130,enwiki,Madring,https://en.wikipedia.org/wiki/Madring,ptwiki,Circuito de Madring,https://pt.wikipedia.org/wiki/Circuito_de_Madring,,
p131,itwiki,Morra cinese,https://it.wikipedia.org/wiki/Morra_cinese,svwiki,"Sten, sax, påse",https://sv.wikipedia.org/wiki/Sten%2C_sax%2C_p%C3%A5se,,
p132,enwiki,Deaths in August 2026,https://en.wikipedia.org/wiki/Deaths_in_August_2026,nlwiki,Lijst van personen overleden in augustus 2026,https://nl.wikipedia.org/wiki/Lijst_van_personen_overleden_in_augustus_2026,,
p133,enwiki,Stephanie Vaquer,https://en.wikipedia.org/wiki/Stephanie_Vaquer,frwiki,Stephanie Vaquer,https://fr.wikipedia.org/wiki/Stephanie_Vaquer,,
p134,dewiki,Großer Preis von Spanien,https://de.wikipedia.org/wiki/Gro%C3%9Fer_Preis_von_Spanien,trwiki,İspanya Grand Prix,https://tr.wikipedia.org/wiki/%C4%B0spanya_Grand_Prix,,
p135,enwiki,Andreas Leknessund,https://en.wikipedia.org/wiki/Andreas_Leknessund,eswiki,Andreas Leknessund,https://es.wikipedia.org/wiki/Andreas_Leknessund,,
p136,enwiki,2026–27 FC Bayern Munich season,https://en.wikipedia.org/wiki/2026%E2%80%9327_FC_Bayern_Munich_season,frwiki,Saison 2026-2027 du Bayern Munich,https://fr.wikipedia.org/wiki/Saison_2026-2027_du_Bayern_Munich,,
p137,enwiki,2026–27 Serie A,https://en.wikipedia.org/wiki/2026%E2%80%9327_Serie_A,kowiki,세리에 A 2026-27,https://ko.wikipedia.org/wiki/%EC%84%B8%EB%A6%AC%EC%97%90_A_2026-27,,
p138,eswiki,Jan Hirt,https://es.wikipedia.org/wiki/Jan_Hirt,nlwiki,Jan Hirt,https://nl.wikipedia.org/wiki/Jan_Hirt,,
p139,nlwiki,The Odyssey (2026),https://nl.wikipedia.org/wiki/The_Odyssey_%282026%29,zhwiki,奧德賽 (電影),https://zh.wikipedia.org/wiki/%E5%A5%A7%E5%BE%B7%E8%B3%BD_%28%E9%9B%BB%E5%BD%B1%29,,
p140,enwiki,Harold Tejada,https://en.wikipedia.org/wiki/Harold_Tejada,nlwiki,Harold Tejada,https://nl.wikipedia.org/wiki/Harold_Tejada,,
p141,eswiki,Exequiel Zeballos,https://es.wikipedia.org/wiki/Exequiel_Zeballos,itwiki,Exequiel Zeballos,https://it.wikipedia.org/wiki/Exequiel_Zeballos,,
p142,itwiki,Willy il Coyote e Beep Beep,https://it.wikipedia.org/wiki/Willy_il_Coyote_e_Beep_Beep,plwiki,Wiluś E. Kojot i Struś Pędziwiatr,https://pl.wikipedia.org/wiki/Wilu%C5%9B_E._Kojot_i_Stru%C5%9B_P%C4%99dziwiatr,,
p143,frwiki,"The Legend of Zelda: Ocarina of Time (jeu vidéo, 2026)",https://fr.wikipedia.org/wiki/The_Legend_of_Zelda%3A_Ocarina_of_Time_%28jeu_vid%C3%A9o%2C_2026%29,itwiki,The Legend of Zelda: Ocarina of Time (videogioco 2026),https://it.wikipedia.org/wiki/The_Legend_of_Zelda%3A_Ocarina_of_Time_%28videogioco_2026%29,,
p144,enwiki,2026–27 La Liga,https://en.wikipedia.org/wiki/2026%E2%80%9327_La_Liga,kowiki,라리가 2026-27,https://ko.wikipedia.org/wiki/%EB%9D%BC%EB%A6%AC%EA%B0%80_2026-27,,
p145,eswiki,Astrid de Noruega,https://es.wikipedia.org/wiki/Astrid_de_Noruega,ptwiki,Astrid da Noruega,https://pt.wikipedia.org/wiki/Astrid_da_Noruega,,
p146,enwiki,Xavi Espart,https://en.wikipedia.org/wiki/Xavi_Espart,eswiki,Xavi Espart,https://es.wikipedia.org/wiki/Xavi_Espart,,
p147,eswiki,Anna Cockrell,https://es.wikipedia.org/wiki/Anna_Cockrell,itwiki,Anna Cockrell,https://it.wikipedia.org/wiki/Anna_Cockrell,,
p148,arwiki,تاريخ دلهي,https://ar.wikipedia.org/wiki/%D8%AA%D8%A7%D8%B1%D9%8A%D8%AE_%D8%AF%D9%84%D9%87%D9%8A,enwiki,History of Delhi,https://en.wikipedia.org/wiki/History_of_Delhi,,
p149,jawiki,シャルル・ルクレール (レーシングドライバー),https://ja.wikipedia.org/wiki/%E3%82%B7%E3%83%A3%E3%83%AB%E3%83%AB%E3%83%BB%E3%83%AB%E3%82%AF%E3%83%AC%E3%83%BC%E3%83%AB_%28%E3%83%AC%E3%83%BC%E3%82%B7%E3%83%B3%E3%82%B0%E3%83%89%E3%83%A9%E3%82%A4%E3%83%90%E3%83%BC%29,nlwiki,Charles Leclerc (autocoureur),https://nl.wikipedia.org/wiki/Charles_Leclerc_%28autocoureur%29,,
p150,nlwiki,George Russell (autocoureur),https://nl.wikipedia.org/wiki/George_Russell_%28autocoureur%29,ptwiki,George Russell (automobilista),https://pt.wikipedia.org/wiki/George_Russell_%28automobilista%29,,
p151,frwiki,George Chuvalo,https://fr.wikipedia.org/wiki/George_Chuvalo,plwiki,George Chuvalo,https://pl.wikipedia.org/wiki/George_Chuvalo,,
p152,eswiki,Rumesh Tharanga,https://es.wikipedia.org/wiki/Rumesh_Tharanga,itwiki,Rumesh Tharanga,https://it.wikipedia.org/wiki/Rumesh_Tharanga,,
p153,enwiki,A Gentleman in Moscow,https://en.wikipedia.org/wiki/A_Gentleman_in_Moscow,ptwiki,A Gentleman in Moscow,https://pt.wikipedia.org/wiki/A_Gentleman_in_Moscow,,
p154,enwiki,Filippo Inzaghi,https://en.wikipedia.org/wiki/Filippo_Inzaghi,eswiki,Filippo Inzaghi,https://es.wikipedia.org/wiki/Filippo_Inzaghi,,
p155,kowiki,홍콩 특별행정구 여권,https://ko.wikipedia.org/wiki/%ED%99%8D%EC%BD%A9_%ED%8A%B9%EB%B3%84%ED%96%89%EC%A0%95%EA%B5%AC_%EC%97%AC%EA%B6%8C,trwiki,Hong Kong pasaportu,https://tr.wikipedia.org/wiki/Hong_Kong_pasaportu,,
p156,nlwiki,Carlos Sainz jr.,https://nl.wikipedia.org/wiki/Carlos_Sainz_jr.,plwiki,Carlos Sainz Jr.,https://pl.wikipedia.org/wiki/Carlos_Sainz_Jr.,,
p157,itwiki,Andrzej Maria Deskur,https://it.wikipedia.org/wiki/Andrzej_Maria_Deskur,plwiki,Andrzej Maria Deskur,https://pl.wikipedia.org/wiki/Andrzej_Maria_Deskur,,
p158,enwiki,Stephanie Vaquer,https://en.wikipedia.org/wiki/Stephanie_Vaquer,eswiki,Stephanie Vaquer,https://es.wikipedia.org/wiki/Stephanie_Vaquer,,
p159,eswiki,Gran Premio de España,https://es.wikipedia.org/wiki/Gran_Premio_de_Espa%C3%B1a,trwiki,İspanya Grand Prix,https://tr.wikipedia.org/wiki/%C4%B0spanya_Grand_Prix,,
p160,enwiki,Nikola Vasilj,https://en.wikipedia.org/wiki/Nikola_Vasilj,itwiki,Nikola Vasilj,https://it.wikipedia.org/wiki/Nikola_Vasilj,,
p161,enwiki,Kimi Antonelli,https://en.wikipedia.org/wiki/Kimi_Antonelli,frwiki,Kimi Antonelli,https://fr.wikipedia.org/wiki/Kimi_Antonelli,,
p162,enwiki,Trelles,https://en.wikipedia.org/wiki/Trelles,frwiki,Trelles (Coaña),https://fr.wikipedia.org/wiki/Trelles_%28Coa%C3%B1a%29,,
p163,enwiki,Lamine Yamal,https://en.wikipedia.org/wiki/Lamine_Yamal,plwiki,Lamine Yamal,https://pl.wikipedia.org/wiki/Lamine_Yamal,,
p164,eswiki,Women's World Championship (WWE),https://es.wikipedia.org/wiki/Women%27s_World_Championship_%28WWE%29,fawiki,کمربند قهرمانی زنان جهان دبلیودبلیوئی,https://fa.wikipedia.org/wiki/%DA%A9%D9%85%D8%B1%D8%A8%D9%86%D8%AF_%D9%82%D9%87%D8%B1%D9%85%D8%A7%D9%86%DB%8C_%D8%B2%D9%86%D8%A7%D9%86_%D8%AC%D9%87%D8%A7%D9%86_%D8%AF%D8%A8%D9%84%DB%8C%D9%88%D8%AF%D8%A8%D9%84%DB%8C%D9%88%D8%A6%DB%8C,,
p165,kowiki,무함마드 무르시,https://ko.wikipedia.org/wiki/%EB%AC%B4%ED%95%A8%EB%A7%88%EB%93%9C_%EB%AC%B4%EB%A5%B4%EC%8B%9C,svwiki,Muhammad Mursi,https://sv.wikipedia.org/wiki/Muhammad_Mursi,,
p166,frwiki,Madring,https://fr.wikipedia.org/wiki/Madring,plwiki,Madring,https://pl.wikipedia.org/wiki/Madring,,
p167,itwiki,Campionato FIA di Formula 3 2026,https://it.wikipedia.org/wiki/Campionato_FIA_di_Formula_3_2026,nlwiki,FIA Formule 3-kampioenschap 2026,https://nl.wikipedia.org/wiki/FIA_Formule_3-kampioenschap_2026,,
p168,eswiki,Máximo Quiles,https://es.wikipedia.org/wiki/M%C3%A1ximo_Quiles,nlwiki,Máximo Quiles,https://nl.wikipedia.org/wiki/M%C3%A1ximo_Quiles,,
p169,eswiki,Enric Mas,https://es.wikipedia.org/wiki/Enric_Mas,nlwiki,Enric Mas,https://nl.wikipedia.org/wiki/Enric_Mas,,
p170,dewiki,Flagge Russlands,https://de.wikipedia.org/wiki/Flagge_Russlands,ruwiki,Флаг России,https://ru.wikipedia.org/wiki/%D0%A4%D0%BB%D0%B0%D0%B3_%D0%A0%D0%BE%D1%81%D1%81%D0%B8%D0%B8,,
p171,ptwiki,Passaporte da Região Administrativa Especial de Hong Kong,https://pt.wikipedia.org/wiki/Passaporte_da_Regi%C3%A3o_Administrativa_Especial_de_Hong_Kong,zhwiki,中華人民共和國香港特別行政區護照,https://zh.wikipedia.org/wiki/%E4%B8%AD%E8%8F%AF%E4%BA%BA%E6%B0%91%E5%85%B1%E5%92%8C%E5%9C%8B%E9%A6%99%E6%B8%AF%E7%89%B9%E5%88%A5%E8%A1%8C%E6%94%BF%E5%8D%80%E8%AD%B7%E7%85%A7,,
p172,enwiki,Camp Wannakiki,https://en.wikipedia.org/wiki/Camp_Wannakiki,eswiki,Camp Wannakiki,https://es.wikipedia.org/wiki/Camp_Wannakiki,,
p173,eswiki,Fernando Alonso,https://es.wikipedia.org/wiki/Fernando_Alonso,nlwiki,Fernando Alonso,https://nl.wikipedia.org/wiki/Fernando_Alonso,,
p174,eswiki,Lamine Yamal,https://es.wikipedia.org/wiki/Lamine_Yamal,ptwiki,Lamine Yamal,https://pt.wikipedia.org/wiki/Lamine_Yamal,,
p175,enwiki,Chung Ho-yong,https://en.wikipedia.org/wiki/Chung_Ho-yong,trwiki,Chung Ho-yong,https://tr.wikipedia.org/wiki/Chung_Ho-yong,,
p176,enwiki,A Star Is Born (2018 film),https://en.wikipedia.org/wiki/A_Star_Is_Born_%282018_film%29,zhwiki,星夢情深,https://zh.wikipedia.org/wiki/%E6%98%9F%E5%A4%A2%E6%83%85%E6%B7%B1,,
p177,enwiki,Rumesh Tharanga,https://en.wikipedia.org/wiki/Rumesh_Tharanga,eswiki,Rumesh Tharanga,https://es.wikipedia.org/wiki/Rumesh_Tharanga,,
p178,dewiki,Adil Bourabaa,https://de.wikipedia.org/wiki/Adil_Bourabaa,frwiki,Adil Bourabaa,https://fr.wikipedia.org/wiki/Adil_Bourabaa,,
p179,itwiki,20 Seiki Denki Mokuroku,https://it.wikipedia.org/wiki/20_Seiki_Denki_Mokuroku,jawiki,二十世紀電氣目録,https://ja.wikipedia.org/wiki/%E4%BA%8C%E5%8D%81%E4%B8%96%E7%B4%80%E9%9B%BB%E6%B0%A3%E7%9B%AE%E9%8C%B2,,
p180,enwiki,King of Drag,https://en.wikipedia.org/wiki/King_of_Drag,eswiki,King of Drag,https://es.wikipedia.org/wiki/King_of_Drag,,
p181,nlwiki,Ronde van Spanje 2026,https://nl.wikipedia.org/wiki/Ronde_van_Spanje_2026,ruwiki,Вуэльта Испании 2026,https://ru.wikipedia.org/wiki/%D0%92%D1%83%D1%8D%D0%BB%D1%8C%D1%82%D0%B0_%D0%98%D1%81%D0%BF%D0%B0%D0%BD%D0%B8%D0%B8_2026,,
p182,dewiki,Punktewertung (Vuelta a España),https://de.wikipedia.org/wiki/Punktewertung_%28Vuelta_a_Espa%C3%B1a%29,frwiki,Classement par points du Tour d'Espagne,https://fr.wikipedia.org/wiki/Classement_par_points_du_Tour_d%27Espagne,,
p183,enwiki,Clément Berthet,https://en.wikipedia.org/wiki/Cl%C3%A9ment_Berthet,itwiki,Clément Berthet,https://it.wikipedia.org/wiki/Cl%C3%A9ment_Berthet,,
p184,frwiki,Abdramane Konaté,https://fr.wikipedia.org/wiki/Abdramane_Konat%C3%A9,itwiki,Abdramane Konaté,https://it.wikipedia.org/wiki/Abdramane_Konat%C3%A9,,
p185,frwiki,Grand Prix de Fourmies,https://fr.wikipedia.org/wiki/Grand_Prix_de_Fourmies,itwiki,Grand Prix de Fourmies,https://it.wikipedia.org/wiki/Grand_Prix_de_Fourmies,,
p186,dewiki,Tom Bischof,https://de.wikipedia.org/wiki/Tom_Bischof,enwiki,Tom Bischof,https://en.wikipedia.org/wiki/Tom_Bischof,,
p187,frwiki,Aston Martin AMR26,https://fr.wikipedia.org/wiki/Aston_Martin_AMR26,itwiki,Aston Martin AMR26,https://it.wikipedia.org/wiki/Aston_Martin_AMR26,,
p188,enwiki,Rumesh Tharanga,https://en.wikipedia.org/wiki/Rumesh_Tharanga,itwiki,Rumesh Tharanga,https://it.wikipedia.org/wiki/Rumesh_Tharanga,,
p189,dewiki,Christopher Nkunku,https://de.wikipedia.org/wiki/Christopher_Nkunku,eswiki,Christopher Nkunku,https://es.wikipedia.org/wiki/Christopher_Nkunku,,
p190,jawiki,カルロス・サインツJr.,https://ja.wikipedia.org/wiki/%E3%82%AB%E3%83%AB%E3%83%AD%E3%82%B9%E3%83%BB%E3%82%B5%E3%82%A4%E3%83%B3%E3%83%84Jr.,nlwiki,Carlos Sainz jr.,https://nl.wikipedia.org/wiki/Carlos_Sainz_jr.,,
p191,enwiki,2026–27 Super League Greece,https://en.wikipedia.org/wiki/2026%E2%80%9327_Super_League_Greece,frwiki,Championnat de Grèce de football 2026-2027,https://fr.wikipedia.org/wiki/Championnat_de_Gr%C3%A8ce_de_football_2026-2027,,
p192,enwiki,Primož Roglič,https://en.wikipedia.org/wiki/Primo%C5%BE_Rogli%C4%8D,nlwiki,Primož Roglič,https://nl.wikipedia.org/wiki/Primo%C5%BE_Rogli%C4%8D,,
p193,dewiki,Lorena Wiebes,https://de.wikipedia.org/wiki/Lorena_Wiebes,frwiki,Lorena Wiebes,https://fr.wikipedia.org/wiki/Lorena_Wiebes,,
p194,eswiki,Yamel Sedyati,https://es.wikipedia.org/wiki/Yamel_Sedyati,itwiki,Djamel Sedjati,https://it.wikipedia.org/wiki/Djamel_Sedjati,,
p195,dewiki,Cupra Raval,https://de.wikipedia.org/wiki/Cupra_Raval,enwiki,Cupra Raval,https://en.wikipedia.org/wiki/Cupra_Raval,,
p196,enwiki,2026 Women's European Volleyball Championship,https://en.wikipedia.org/wiki/2026_Women%27s_European_Volleyball_Championship,trwiki,2026 Avrupa Kadınlar Voleybol Şampiyonası,https://tr.wikipedia.org/wiki/2026_Avrupa_Kad%C4%B1nlar_Voleybol_%C5%9Eampiyonas%C4%B1,,
p197,enwiki,La ragazza di via Millelire,https://en.wikipedia.org/wiki/La_ragazza_di_via_Millelire,itwiki,La ragazza di via Millelire,https://it.wikipedia.org/wiki/La_ragazza_di_via_Millelire,,
p198,nlwiki,Formule 1 in 2026,https://nl.wikipedia.org/wiki/Formule_1_in_2026,trwiki,2026 Formula 1 sezonu,https://tr.wikipedia.org/wiki/2026_Formula_1_sezonu,,
p199,dewiki,Lorena Wiebes,https://de.wikipedia.org/wiki/Lorena_Wiebes,eswiki,Lorena Wiebes,https://es.wikipedia.org/wiki/Lorena_Wiebes,,
p200,frwiki,Drapeau de la Russie,https://fr.wikipedia.org/wiki/Drapeau_de_la_Russie,svwiki,Rysslands flagga,https://sv.wikipedia.org/wiki/Rysslands_flagga,,
